GeneSymbol,GO_Term,GO_Name
ABCB1A,GO:0006508,proteolysis
ABCB1B,GO:0006508,proteolysis
ABCE1,GO:0006508,proteolysis
ABCG2,GO:0006508,proteolysis
ACE,GO:0006508,proteolysis
ACE2,GO:0006508,proteolysis
ACE3,GO:0006508,proteolysis
ACR,GO:0006508,proteolysis
ACTMAP,GO:0006508,proteolysis
ADAM10,GO:0006508,proteolysis
ADAM17,GO:0006508,proteolysis
ADAM19,GO:0006508,proteolysis
ADAM9,GO:0006508,proteolysis
ADAMTS2,GO:0006508,proteolysis
ADAMTS3,GO:0006508,proteolysis
ADGRV1,GO:0006508,proteolysis
AEBP1,GO:0006508,proteolysis
AFG1L,GO:0006508,proteolysis
AFG2B,GO:0006508,proteolysis
AFG3L1,GO:0006508,proteolysis
AFG3L2,GO:0006508,proteolysis
AGAP3,GO:0006508,proteolysis
AGT,GO:0006508,proteolysis
AKIRIN2,GO:0006508,proteolysis
AKT1,GO:0006508,proteolysis
AMBRA1,GO:0006508,proteolysis
AMFR,GO:0006508,proteolysis
AMN1,GO:0006508,proteolysis
ANAPC1,GO:0006508,proteolysis
ANAPC10,GO:0006508,proteolysis
ANAPC11,GO:0006508,proteolysis
ANAPC13,GO:0006508,proteolysis
ANAPC15,GO:0006508,proteolysis
ANAPC16,GO:0006508,proteolysis
ANAPC2,GO:0006508,proteolysis
ANAPC4,GO:0006508,proteolysis
ANAPC5,GO:0006508,proteolysis
ANAPC7,GO:0006508,proteolysis
ANKIB1,GO:0006508,proteolysis
ANKRD11,GO:0006508,proteolysis
ANKRD9,GO:0006508,proteolysis
ANKZF1,GO:0006508,proteolysis
ANPEP,GO:0006508,proteolysis
APC,GO:0006508,proteolysis
APC2,GO:0006508,proteolysis
APH1A,GO:0006508,proteolysis
APH1B,GO:0006508,proteolysis
APH1C,GO:0006508,proteolysis
APOH,GO:0006508,proteolysis
APPBP2,GO:0006508,proteolysis
AREL1,GO:0006508,proteolysis
ARIH1,GO:0006508,proteolysis
ARIH2,GO:0006508,proteolysis
ARK2N,GO:0006508,proteolysis
ARMC5,GO:0006508,proteolysis
ARMC8,GO:0006508,proteolysis
ARRB1,GO:0006508,proteolysis
ARRB2,GO:0006508,proteolysis
ARRDC1,GO:0006508,proteolysis
ARRDC4,GO:0006508,proteolysis
ASB1,GO:0006508,proteolysis
ASB11,GO:0006508,proteolysis
ASB2,GO:0006508,proteolysis
ASB7,GO:0006508,proteolysis
ASB9,GO:0006508,proteolysis
ASCC2,GO:0006508,proteolysis
ASCC3,GO:0006508,proteolysis
ASPRV1,GO:0006508,proteolysis
ATE1,GO:0006508,proteolysis
ATG4A,GO:0006508,proteolysis
ATG4A-PS,GO:0006508,proteolysis
ATG4B,GO:0006508,proteolysis
ATG4C,GO:0006508,proteolysis
ATG4D,GO:0006508,proteolysis
ATM,GO:0006508,proteolysis
ATP23,GO:0006508,proteolysis
ATP6AP2,GO:0006508,proteolysis
ATXN3,GO:0006508,proteolysis
AUP1,GO:0006508,proteolysis
AXIN1,GO:0006508,proteolysis
AXIN2,GO:0006508,proteolysis
BACE1,GO:0006508,proteolysis
BACE2,GO:0006508,proteolysis
BAG6,GO:0006508,proteolysis
BAP1,GO:0006508,proteolysis
BC051665,GO:0006508,proteolysis
BFAR,GO:0006508,proteolysis
BIRC2,GO:0006508,proteolysis
BMAL1,GO:0006508,proteolysis
BMP1,GO:0006508,proteolysis
BRINP1,GO:0006508,proteolysis
BRSK2,GO:0006508,proteolysis
BTRC,GO:0006508,proteolysis
C1RA,GO:0006508,proteolysis
C1RB,GO:0006508,proteolysis
C1RL,GO:0006508,proteolysis
C1S1,GO:0006508,proteolysis
C1S2,GO:0006508,proteolysis
C2CD3,GO:0006508,proteolysis
CA10,GO:0006508,proteolysis
CACUL1,GO:0006508,proteolysis
CALR,GO:0006508,proteolysis
CALR3,GO:0006508,proteolysis
CALR4,GO:0006508,proteolysis
CANX,GO:0006508,proteolysis
CAPN1,GO:0006508,proteolysis
CAPN2,GO:0006508,proteolysis
CAPN3,GO:0006508,proteolysis
CAPN7,GO:0006508,proteolysis
CAPN8,GO:0006508,proteolysis
CASP1,GO:0006508,proteolysis
CASP12,GO:0006508,proteolysis
CASP2,GO:0006508,proteolysis
CASP3,GO:0006508,proteolysis
CASP4,GO:0006508,proteolysis
CASP6,GO:0006508,proteolysis
CASP7,GO:0006508,proteolysis
CASP8,GO:0006508,proteolysis
CASP9,GO:0006508,proteolysis
CBL,GO:0006508,proteolysis
CBLC,GO:0006508,proteolysis
CCDC47,GO:0006508,proteolysis
CCIN,GO:0006508,proteolysis
CCNF,GO:0006508,proteolysis
CD2AP,GO:0006508,proteolysis
CDC16,GO:0006508,proteolysis
CDC20,GO:0006508,proteolysis
CDC20B,GO:0006508,proteolysis
CDC23,GO:0006508,proteolysis
CDC26,GO:0006508,proteolysis
CDC27,GO:0006508,proteolysis
CDC34,GO:0006508,proteolysis
CDC34B,GO:0006508,proteolysis
CDK7,GO:0006508,proteolysis
CEP63,GO:0006508,proteolysis
CFD,GO:0006508,proteolysis
CFI,GO:0006508,proteolysis
CHFR,GO:0006508,proteolysis
CHMP1A,GO:0006508,proteolysis
CHMP1B1,GO:0006508,proteolysis
CHMP2A,GO:0006508,proteolysis
CHMP2B,GO:0006508,proteolysis
CHMP3,GO:0006508,proteolysis
CHMP4C,GO:0006508,proteolysis
CHMP5,GO:0006508,proteolysis
CHMP6,GO:0006508,proteolysis
CHMP7,GO:0006508,proteolysis
CHST8,GO:0006508,proteolysis
CLGN,GO:0006508,proteolysis
CLN3,GO:0006508,proteolysis
CLOCK,GO:0006508,proteolysis
CLPP,GO:0006508,proteolysis
CMA1,GO:0006508,proteolysis
CNOT4,GO:0006508,proteolysis
COMP,GO:0006508,proteolysis
COP1,GO:0006508,proteolysis
COPS3,GO:0006508,proteolysis
CORIN,GO:0006508,proteolysis
CPA3,GO:0006508,proteolysis
CPD,GO:0006508,proteolysis
CPE,GO:0006508,proteolysis
CPLANE2,GO:0006508,proteolysis
CPM,GO:0006508,proteolysis
CPN1,GO:0006508,proteolysis
CPZ,GO:0006508,proteolysis
CRBC_MOUSE,GO:0006508,proteolysis
CRBN,GO:0006508,proteolysis
CSNK1A1,GO:0006508,proteolysis
CSTL1,GO:0006508,proteolysis
CTNNB1,GO:0006508,proteolysis
CTS3,GO:0006508,proteolysis
CTS8,GO:0006508,proteolysis
CTSE,GO:0006508,proteolysis
CTSG,GO:0006508,proteolysis
CTSH,GO:0006508,proteolysis
CTSJ,GO:0006508,proteolysis
CTSL,GO:0006508,proteolysis
CTSM,GO:0006508,proteolysis
CTSS,GO:0006508,proteolysis
CUEDC2,GO:0006508,proteolysis
CUL1,GO:0006508,proteolysis
CUL2,GO:0006508,proteolysis
CUL3,GO:0006508,proteolysis
CUL4A,GO:0006508,proteolysis
CUL4B,GO:0006508,proteolysis
CUL5,GO:0006508,proteolysis
CUL7,GO:0006508,proteolysis
CUL9,GO:0006508,proteolysis
CUZD1,GO:0006508,proteolysis
CWH43,GO:0006508,proteolysis
DAG1,GO:0006508,proteolysis
DCAF1,GO:0006508,proteolysis
DCAF11,GO:0006508,proteolysis
DCAF12,GO:0006508,proteolysis
DCAF13,GO:0006508,proteolysis
DCST1,GO:0006508,proteolysis
DDB1,GO:0006508,proteolysis
DDI1,GO:0006508,proteolysis
DDI2,GO:0006508,proteolysis
DDIT3,GO:0006508,proteolysis
DERL1,GO:0006508,proteolysis
DERL2,GO:0006508,proteolysis
DERL3,GO:0006508,proteolysis
DESTRUCTION_MOUSE-1,GO:0006508,proteolysis
DESTRUCTION_MOUSE-3,GO:0006508,proteolysis
DESTRUCTION_MOUSE-4,GO:0006508,proteolysis
DESTRUCTION_MOUSE-5,GO:0006508,proteolysis
DESTRUCTION_MOUSE-6,GO:0006508,proteolysis
DESTRUCTION_MOUSE-7,GO:0006508,proteolysis
DESTRUCTION_MOUSE-8,GO:0006508,proteolysis
DHCR24,GO:0006508,proteolysis
DHH,GO:0006508,proteolysis
DISP1,GO:0006508,proteolysis
DMAC2,GO:0006508,proteolysis
DNAJB12,GO:0006508,proteolysis
DNAJB2,GO:0006508,proteolysis
DNAJB9,GO:0006508,proteolysis
DNAJC10,GO:0006508,proteolysis
DRC2,GO:0006508,proteolysis
DTL,GO:0006508,proteolysis
DTX3L,GO:0006508,proteolysis
DTX4,GO:0006508,proteolysis
DYNC2H1,GO:0006508,proteolysis
ECE1,GO:0006508,proteolysis
ECE2,GO:0006508,proteolysis
ECEL1,GO:0006508,proteolysis
ECPAS,GO:0006508,proteolysis
ECRG4,GO:0006508,proteolysis
EDEM1,GO:0006508,proteolysis
EDEM2,GO:0006508,proteolysis
EDEM3,GO:0006508,proteolysis
EEF1AKMT4-ECE2,GO:0006508,proteolysis
EGFBP2,GO:0006508,proteolysis
EIF2AK3,GO:0006508,proteolysis
ELOB,GO:0006508,proteolysis
ELOBL,GO:0006508,proteolysis
ELOC,GO:0006508,proteolysis
ENC1,GO:0006508,proteolysis
ENPEP,GO:0006508,proteolysis
EPG5,GO:0006508,proteolysis
EPM2A,GO:0006508,proteolysis
EPO,GO:0006508,proteolysis
EPOR,GO:0006508,proteolysis
ERAP1,GO:0006508,proteolysis
ERCC8,GO:0006508,proteolysis
ERLEC1,GO:0006508,proteolysis
ERLIN1,GO:0006508,proteolysis
ERLIN2,GO:0006508,proteolysis
ERO1B,GO:0006508,proteolysis
F10,GO:0006508,proteolysis
F11,GO:0006508,proteolysis
F12,GO:0006508,proteolysis
F2,GO:0006508,proteolysis
F3,GO:0006508,proteolysis
F5,GO:0006508,proteolysis
F7,GO:0006508,proteolysis
F9,GO:0006508,proteolysis
FAF1,GO:0006508,proteolysis
FAF2,GO:0006508,proteolysis
FAM111A,GO:0006508,proteolysis
FAU,GO:0006508,proteolysis
FBXL12,GO:0006508,proteolysis
FBXL13,GO:0006508,proteolysis
FBXL14,GO:0006508,proteolysis
FBXL15,GO:0006508,proteolysis
FBXL16,GO:0006508,proteolysis
FBXL17,GO:0006508,proteolysis
FBXL18,GO:0006508,proteolysis
FBXL19,GO:0006508,proteolysis
FBXL2,GO:0006508,proteolysis
FBXL20,GO:0006508,proteolysis
FBXL21,GO:0006508,proteolysis
FBXL22,GO:0006508,proteolysis
FBXL3,GO:0006508,proteolysis
FBXL4,GO:0006508,proteolysis
FBXL5,GO:0006508,proteolysis
FBXL6,GO:0006508,proteolysis
FBXL7,GO:0006508,proteolysis
FBXL8,GO:0006508,proteolysis
FBXL9,GO:0006508,proteolysis
FBXO10,GO:0006508,proteolysis
FBXO11,GO:0006508,proteolysis
FBXO17,GO:0006508,proteolysis
FBXO2,GO:0006508,proteolysis
FBXO24,GO:0006508,proteolysis
FBXO27,GO:0006508,proteolysis
FBXO28,GO:0006508,proteolysis
FBXO3,GO:0006508,proteolysis
FBXO31,GO:0006508,proteolysis
FBXO38,GO:0006508,proteolysis
FBXO39,GO:0006508,proteolysis
FBXO4,GO:0006508,proteolysis
FBXO44,GO:0006508,proteolysis
FBXO45,GO:0006508,proteolysis
FBXO46,GO:0006508,proteolysis
FBXO48,GO:0006508,proteolysis
FBXO6,GO:0006508,proteolysis
FBXO7,GO:0006508,proteolysis
FBXO8,GO:0006508,proteolysis
FBXO9,GO:0006508,proteolysis
FBXW11,GO:0006508,proteolysis
FBXW4,GO:0006508,proteolysis
FBXW5,GO:0006508,proteolysis
FBXW7,GO:0006508,proteolysis
FBXW8,GO:0006508,proteolysis
FEM1AA,GO:0006508,proteolysis
FEM1AL,GO:0006508,proteolysis
FEM1B,GO:0006508,proteolysis
FEM1C,GO:0006508,proteolysis
FGA,GO:0006508,proteolysis
FGB,GO:0006508,proteolysis
FGG,GO:0006508,proteolysis
FILIP1L,GO:0006508,proteolysis
FKRP,GO:0006508,proteolysis
FLCN,GO:0006508,proteolysis
FNIP1,GO:0006508,proteolysis
FOXO4,GO:0006508,proteolysis
FOXRED2,GO:0006508,proteolysis
FURIN,GO:0006508,proteolysis
FXN,GO:0006508,proteolysis
FZR1,GO:0006508,proteolysis
GAMMA-SECRETASE_ALPHA1A-PSEN2_MOUSE,GO:0006508,proteolysis
GAMMA-SECRETASE_ALPHA1B-PSEN1_MOUSE,GO:0006508,proteolysis
GAMMA-SECRETASE_ALPHA1B-PSEN2_MOUSE,GO:0006508,proteolysis
GAN,GO:0006508,proteolysis
GBA1,GO:0006508,proteolysis
GCN1,GO:0006508,proteolysis
GET4,GO:0006508,proteolysis
GGT1,GO:0006508,proteolysis
GHR,GO:0006508,proteolysis
GID4,GO:0006508,proteolysis
GID8,GO:0006508,proteolysis
GLI3,GO:0006508,proteolysis
GM13043,GO:0006508,proteolysis
GM7324,GO:0006508,proteolysis
GM9125,GO:0006508,proteolysis
GSK3A,GO:0006508,proteolysis
GSK3B,GO:0006508,proteolysis
GZMK,GO:0006508,proteolysis
H2BC1,GO:0006508,proteolysis
HACE1,GO:0006508,proteolysis
HDAC6,GO:0006508,proteolysis
HECTD1,GO:0006508,proteolysis
HECTD3,GO:0006508,proteolysis
HECW1,GO:0006508,proteolysis
HECW2,GO:0006508,proteolysis
HERC1,GO:0006508,proteolysis
HERC2,GO:0006508,proteolysis
HERC3,GO:0006508,proteolysis
HERC4,GO:0006508,proteolysis
HERC6,GO:0006508,proteolysis
HERPUD1,GO:0006508,proteolysis
HGFAC,GO:0006508,proteolysis
HID1,GO:0006508,proteolysis
HJV,GO:0006508,proteolysis
HM13,GO:0006508,proteolysis
HP,GO:0006508,proteolysis
HPN,GO:0006508,proteolysis
HSP90B1,GO:0006508,proteolysis
HSPA5,GO:0006508,proteolysis
HUWE1,GO:0006508,proteolysis
IFT172,GO:0006508,proteolysis
IFT80,GO:0006508,proteolysis
IGF2BP2,GO:0006508,proteolysis
IHH,GO:0006508,proteolysis
INS2,GO:0006508,proteolysis
IPO9,GO:0006508,proteolysis
IPP,GO:0006508,proteolysis
IRGQ,GO:0006508,proteolysis
ISG15,GO:0006508,proteolysis
ITCH,GO:0006508,proteolysis
IVNS1ABP,GO:0006508,proteolysis
JAK2,GO:0006508,proteolysis
JKAMP,GO:0006508,proteolysis
KAT2B,GO:0006508,proteolysis
KAT5,GO:0006508,proteolysis
KBTBD12,GO:0006508,proteolysis
KBTBD2,GO:0006508,proteolysis
KBTBD3,GO:0006508,proteolysis
KBTBD6,GO:0006508,proteolysis
KBTBD7,GO:0006508,proteolysis
KBTBD8,GO:0006508,proteolysis
KCMF1,GO:0006508,proteolysis
KCTD10,GO:0006508,proteolysis
KCTD13,GO:0006508,proteolysis
KCTD17,GO:0006508,proteolysis
KCTD2,GO:0006508,proteolysis
KCTD21,GO:0006508,proteolysis
KCTD5,GO:0006508,proteolysis
KCTD6,GO:0006508,proteolysis
KEAP1,GO:0006508,proteolysis
KEL,GO:0006508,proteolysis
KIF12,GO:0006508,proteolysis
KIF14,GO:0006508,proteolysis
KLF1,GO:0006508,proteolysis
KLHDC1,GO:0006508,proteolysis
KLHDC10,GO:0006508,proteolysis
KLHDC2,GO:0006508,proteolysis
KLHDC3,GO:0006508,proteolysis
KLHL1,GO:0006508,proteolysis
KLHL10,GO:0006508,proteolysis
KLHL11,GO:0006508,proteolysis
KLHL12,GO:0006508,proteolysis
KLHL13,GO:0006508,proteolysis
KLHL15,GO:0006508,proteolysis
KLHL17,GO:0006508,proteolysis
KLHL18,GO:0006508,proteolysis
KLHL2,GO:0006508,proteolysis
KLHL20,GO:0006508,proteolysis
KLHL21,GO:0006508,proteolysis
KLHL22,GO:0006508,proteolysis
KLHL23,GO:0006508,proteolysis
KLHL24,GO:0006508,proteolysis
KLHL25,GO:0006508,proteolysis
KLHL26,GO:0006508,proteolysis
KLHL28,GO:0006508,proteolysis
KLHL29,GO:0006508,proteolysis
KLHL3,GO:0006508,proteolysis
KLHL30,GO:0006508,proteolysis
KLHL32,GO:0006508,proteolysis
KLHL35,GO:0006508,proteolysis
KLHL36,GO:0006508,proteolysis
KLHL38,GO:0006508,proteolysis
KLHL4,GO:0006508,proteolysis
KLHL40,GO:0006508,proteolysis
KLHL41,GO:0006508,proteolysis
KLHL42,GO:0006508,proteolysis
KLHL5,GO:0006508,proteolysis
KLHL6,GO:0006508,proteolysis
KLHL7,GO:0006508,proteolysis
KLHL8,GO:0006508,proteolysis
KLHL9,GO:0006508,proteolysis
KLK1,GO:0006508,proteolysis
KLK13,GO:0006508,proteolysis
KLK1B1,GO:0006508,proteolysis
KLK1B11,GO:0006508,proteolysis
KLK1B16,GO:0006508,proteolysis
KLK1B21,GO:0006508,proteolysis
KLK1B22,GO:0006508,proteolysis
KLK1B24,GO:0006508,proteolysis
KLK1B26,GO:0006508,proteolysis
KLK1B27,GO:0006508,proteolysis
KLK1B3,GO:0006508,proteolysis
KLK1B4,GO:0006508,proteolysis
KLK1B5,GO:0006508,proteolysis
KLK1B8,GO:0006508,proteolysis
KLK1B9,GO:0006508,proteolysis
KLKB1,GO:0006508,proteolysis
LGMN,GO:0006508,proteolysis
LNX1,GO:0006508,proteolysis
LONP1,GO:0006508,proteolysis
LONP2,GO:0006508,proteolysis
LONRF2,GO:0006508,proteolysis
LRRC58,GO:0006508,proteolysis
LRRC75A,GO:0006508,proteolysis
LTN1,GO:0006508,proteolysis
LVRN,GO:0006508,proteolysis
LZTR1,GO:0006508,proteolysis
MAEA,GO:0006508,proteolysis
MAFB,GO:0006508,proteolysis
MAN1A,GO:0006508,proteolysis
MAN1A1,GO:0006508,proteolysis
MAN1A2,GO:0006508,proteolysis
MAN1B1,GO:0006508,proteolysis
MAN1C1,GO:0006508,proteolysis
MAP3K1,GO:0006508,proteolysis
MAP3K7,GO:0006508,proteolysis
MAPKAP1,GO:0006508,proteolysis
MARCHF6,GO:0006508,proteolysis
MARCHF8,GO:0006508,proteolysis
MASP1,GO:0006508,proteolysis
MASP2,GO:0006508,proteolysis
MBL2,GO:0006508,proteolysis
MBTPS1,GO:0006508,proteolysis
MBTPS2,GO:0006508,proteolysis
MDM2,GO:0006508,proteolysis
MEP1A,GO:0006508,proteolysis
METAP2,GO:0006508,proteolysis
MIB1,GO:0006508,proteolysis
MIDN,GO:0006508,proteolysis
MKIAA0617,GO:0006508,proteolysis
MKIAA0684,GO:0006508,proteolysis
MKRN2,GO:0006508,proteolysis
MME,GO:0006508,proteolysis
MMEL1,GO:0006508,proteolysis
MMP14,GO:0006508,proteolysis
MMP16,GO:0006508,proteolysis
MMP7,GO:0006508,proteolysis
MTA1,GO:0006508,proteolysis
MTOR,GO:0006508,proteolysis
MUS MUSCULUS SMALL NUCLEOLAR RNA HOST GENE 15 (SNHG15),GO:0006508,proteolysis
MYC,GO:0006508,proteolysis
MYH9,GO:0006508,proteolysis
MYLIP,GO:0006508,proteolysis
MYRF,GO:0006508,proteolysis
MYRFL,GO:0006508,proteolysis
NAA30,GO:0006508,proteolysis
NAGLU,GO:0006508,proteolysis
NAPSA,GO:0006508,proteolysis
NCCRP1,GO:0006508,proteolysis
NCOA3,GO:0006508,proteolysis
NCSTN,GO:0006508,proteolysis
NDFIP1,GO:0006508,proteolysis
NDFIP2,GO:0006508,proteolysis
NEDD4,GO:0006508,proteolysis
NEDD4L,GO:0006508,proteolysis
NEDD8,GO:0006508,proteolysis
NEMF,GO:0006508,proteolysis
NFE2L2,GO:0006508,proteolysis
NHLRC1,GO:0006508,proteolysis
NHLRC3,GO:0006508,proteolysis
NLRP1A,GO:0006508,proteolysis
NLRP1B,GO:0006508,proteolysis
NLRP4A,GO:0006508,proteolysis
NLRP4B,GO:0006508,proteolysis
NLRP4C,GO:0006508,proteolysis
NLRP4E,GO:0006508,proteolysis
NLRP4F,GO:0006508,proteolysis
NPLOC4,GO:0006508,proteolysis
NR1D1,GO:0006508,proteolysis
NRROS,GO:0006508,proteolysis
NSFL1C,GO:0006508,proteolysis
NTAN1,GO:0006508,proteolysis
NUB1,GO:0006508,proteolysis
OGT,GO:0006508,proteolysis
OMA1,GO:0006508,proteolysis
OOG1,GO:0006508,proteolysis
OOG2,GO:0006508,proteolysis
OOG3,GO:0006508,proteolysis
OOG4,GO:0006508,proteolysis
OS9,GO:0006508,proteolysis
OTUB1,GO:0006508,proteolysis
OTUD5,GO:0006508,proteolysis
OXA1L,GO:0006508,proteolysis
P2RX7,GO:0006508,proteolysis
P4HB,GO:0006508,proteolysis
PAM,GO:0006508,proteolysis
PARL,GO:0006508,proteolysis
PARP1,GO:0006508,proteolysis
PCBP2,GO:0006508,proteolysis
PCNP,GO:0006508,proteolysis
PCSK1,GO:0006508,proteolysis
PCSK1N,GO:0006508,proteolysis
PCSK2,GO:0006508,proteolysis
PCSK4,GO:0006508,proteolysis
PCSK5,GO:0006508,proteolysis
PCSK6,GO:0006508,proteolysis
PCSK7,GO:0006508,proteolysis
PCSK9,GO:0006508,proteolysis
PCYOX1,GO:0006508,proteolysis
PCYOX1L,GO:0006508,proteolysis
PDCD6IP,GO:0006508,proteolysis
PELI1,GO:0006508,proteolysis
PGK1,GO:0006508,proteolysis
PHEX,GO:0006508,proteolysis
PIDD1,GO:0006508,proteolysis
PIK3C3,GO:0006508,proteolysis
PISD,GO:0006508,proteolysis
PJA2,GO:0006508,proteolysis
PLAA,GO:0006508,proteolysis
PLAT,GO:0006508,proteolysis
PLAU,GO:0006508,proteolysis
PLAUR,GO:0006508,proteolysis
PLG,GO:0006508,proteolysis
PMAIP1,GO:0006508,proteolysis
PML,GO:0006508,proteolysis
PMP22,GO:0006508,proteolysis
PMPCA,GO:0006508,proteolysis
PMPCB,GO:0006508,proteolysis
PPP1R11,GO:0006508,proteolysis
PPP2CB,GO:0006508,proteolysis
PPP2R5C,GO:0006508,proteolysis
PPP3CA,GO:0006508,proteolysis
PRAMEL1,GO:0006508,proteolysis
PRAMEL11,GO:0006508,proteolysis
PRAMEL12,GO:0006508,proteolysis
PRAMEL13,GO:0006508,proteolysis
PRAMEL14,GO:0006508,proteolysis
PRAMEL15,GO:0006508,proteolysis
PRAMEL16,GO:0006508,proteolysis
PRAMEL17,GO:0006508,proteolysis
PRAMEL18,GO:0006508,proteolysis
PRAMEL19,GO:0006508,proteolysis
PRAMEL20,GO:0006508,proteolysis
PRAMEL21,GO:0006508,proteolysis
PRAMEL22,GO:0006508,proteolysis
PRAMEL23,GO:0006508,proteolysis
PRAMEL24,GO:0006508,proteolysis
PRAMEL25,GO:0006508,proteolysis
PRAMEL26,GO:0006508,proteolysis
PRAMEL27,GO:0006508,proteolysis
PRAMEL28,GO:0006508,proteolysis
PRAMEL29,GO:0006508,proteolysis
PRAMEL30,GO:0006508,proteolysis
PRAMEL31,GO:0006508,proteolysis
PRAMEL32,GO:0006508,proteolysis
PRAMEL33,GO:0006508,proteolysis
PRAMEL35,GO:0006508,proteolysis
PRAMEL38,GO:0006508,proteolysis
PRAMEL40,GO:0006508,proteolysis
PRAMEL41,GO:0006508,proteolysis
PRAMEL42,GO:0006508,proteolysis
PRAMEL43,GO:0006508,proteolysis
PRAMEL44,GO:0006508,proteolysis
PRAMEL45,GO:0006508,proteolysis
PRAMEL46,GO:0006508,proteolysis
PRAMEL47,GO:0006508,proteolysis
PRAMEL48,GO:0006508,proteolysis
PRAMEL49,GO:0006508,proteolysis
PRAMEL5,GO:0006508,proteolysis
PRAMEL50,GO:0006508,proteolysis
PRAMEL51,GO:0006508,proteolysis
PRAMEL53,GO:0006508,proteolysis
PRAMEL56,GO:0006508,proteolysis
PRAMEL57,GO:0006508,proteolysis
PRAMEL6,GO:0006508,proteolysis
PRAMEL7,GO:0006508,proteolysis
PRAMEX1,GO:0006508,proteolysis
PRCP,GO:0006508,proteolysis
PREP,GO:0006508,proteolysis
PRKAA1,GO:0006508,proteolysis
PRKCA,GO:0006508,proteolysis
PRKCQ,GO:0006508,proteolysis
PRKN,GO:0006508,proteolysis
PROCA1,GO:0006508,proteolysis
PRPF19,GO:0006508,proteolysis
PRSS12,GO:0006508,proteolysis
PRSS22,GO:0006508,proteolysis
PRSS27,GO:0006508,proteolysis
PRSS3B,GO:0006508,proteolysis
PRSS41,GO:0006508,proteolysis
PRSS47,GO:0006508,proteolysis
PRSS50,GO:0006508,proteolysis
PRSS52,GO:0006508,proteolysis
PRSS55,GO:0006508,proteolysis
PRSS8,GO:0006508,proteolysis
PRTN3,GO:0006508,proteolysis
PSEN1,GO:0006508,proteolysis
PSEN2,GO:0006508,proteolysis
PSENEN,GO:0006508,proteolysis
PSMA1,GO:0006508,proteolysis
PSMA2,GO:0006508,proteolysis
PSMA3,GO:0006508,proteolysis
PSMA4,GO:0006508,proteolysis
PSMA5,GO:0006508,proteolysis
PSMA6,GO:0006508,proteolysis
PSMA7,GO:0006508,proteolysis
PSMA8,GO:0006508,proteolysis
PSMB1,GO:0006508,proteolysis
PSMB10,GO:0006508,proteolysis
PSMB11,GO:0006508,proteolysis
PSMB2,GO:0006508,proteolysis
PSMB3,GO:0006508,proteolysis
PSMB4,GO:0006508,proteolysis
PSMB5,GO:0006508,proteolysis
PSMB6,GO:0006508,proteolysis
PSMB7,GO:0006508,proteolysis
PSMB8,GO:0006508,proteolysis
PSMB9,GO:0006508,proteolysis
PSMC1,GO:0006508,proteolysis
PSMC2,GO:0006508,proteolysis
PSMC3,GO:0006508,proteolysis
PSMC4,GO:0006508,proteolysis
PSMC5,GO:0006508,proteolysis
PSMC6,GO:0006508,proteolysis
PSMD1,GO:0006508,proteolysis
PSMD11,GO:0006508,proteolysis
PSMD13,GO:0006508,proteolysis
PSMD14,GO:0006508,proteolysis
PSMD2,GO:0006508,proteolysis
PSMD3,GO:0006508,proteolysis
PSMD4,GO:0006508,proteolysis
PSMD6,GO:0006508,proteolysis
PSMD7,GO:0006508,proteolysis
PSMD8,GO:0006508,proteolysis
PSME4,GO:0006508,proteolysis
PSMF1,GO:0006508,proteolysis
PTCH1,GO:0006508,proteolysis
PTHLH,GO:0006508,proteolysis
PTPN23,GO:0006508,proteolysis
Q3V426,GO:0006508,proteolysis
Q80Z57,GO:0006508,proteolysis
Q80Z58,GO:0006508,proteolysis
Q8BKM6,GO:0006508,proteolysis
Q8C099,GO:0006508,proteolysis
RAB40B,GO:0006508,proteolysis
RAB40C,GO:0006508,proteolysis
RAD23A,GO:0006508,proteolysis
RAD23B,GO:0006508,proteolysis
RANBP10,GO:0006508,proteolysis
RANBP9,GO:0006508,proteolysis
RARA,GO:0006508,proteolysis
RBBP6,GO:0006508,proteolysis
RBCK1,GO:0006508,proteolysis
RBMX,GO:0006508,proteolysis
RBMXL1,GO:0006508,proteolysis
RBX1,GO:0006508,proteolysis
RC3H1,GO:0006508,proteolysis
RC3H2,GO:0006508,proteolysis
RCE1,GO:0006508,proteolysis
RCHY1,GO:0006508,proteolysis
RCN3,GO:0006508,proteolysis
REN1,GO:0006508,proteolysis
REN2,GO:0006508,proteolysis
RET,GO:0006508,proteolysis
RFFL,GO:0006508,proteolysis
RHBDD1,GO:0006508,proteolysis
RHOBTB2,GO:0006508,proteolysis
RHOBTB3,GO:0006508,proteolysis
RIOK3,GO:0006508,proteolysis
RLIM,GO:0006508,proteolysis
RMND5A,GO:0006508,proteolysis
RMND5B,GO:0006508,proteolysis
RNF10,GO:0006508,proteolysis
RNF103,GO:0006508,proteolysis
RNF11,GO:0006508,proteolysis
RNF111,GO:0006508,proteolysis
RNF114,GO:0006508,proteolysis
RNF115,GO:0006508,proteolysis
RNF121,GO:0006508,proteolysis
RNF122,GO:0006508,proteolysis
RNF123,GO:0006508,proteolysis
RNF125,GO:0006508,proteolysis
RNF126,GO:0006508,proteolysis
RNF128,GO:0006508,proteolysis
RNF13,GO:0006508,proteolysis
RNF130,GO:0006508,proteolysis
RNF133,GO:0006508,proteolysis
RNF139,GO:0006508,proteolysis
RNF14,GO:0006508,proteolysis
RNF144A,GO:0006508,proteolysis
RNF144B,GO:0006508,proteolysis
RNF145,GO:0006508,proteolysis
RNF146,GO:0006508,proteolysis
RNF148,GO:0006508,proteolysis
RNF149,GO:0006508,proteolysis
RNF150,GO:0006508,proteolysis
RNF151,GO:0006508,proteolysis
RNF166,GO:0006508,proteolysis
RNF167,GO:0006508,proteolysis
RNF168,GO:0006508,proteolysis
RNF170,GO:0006508,proteolysis
RNF185,GO:0006508,proteolysis
RNF186,GO:0006508,proteolysis
RNF187,GO:0006508,proteolysis
RNF19A,GO:0006508,proteolysis
RNF19B,GO:0006508,proteolysis
RNF20,GO:0006508,proteolysis
RNF213,GO:0006508,proteolysis
RNF215,GO:0006508,proteolysis
RNF216,GO:0006508,proteolysis
RNF217,GO:0006508,proteolysis
RNF25,GO:0006508,proteolysis
RNF26,GO:0006508,proteolysis
RNF26RT,GO:0006508,proteolysis
RNF34,GO:0006508,proteolysis
RNF4,GO:0006508,proteolysis
RNF40,GO:0006508,proteolysis
RNF41,GO:0006508,proteolysis
RNF43,GO:0006508,proteolysis
RNF5,GO:0006508,proteolysis
RNF6,GO:0006508,proteolysis
RNF7,GO:0006508,proteolysis
RNF7L,GO:0006508,proteolysis
RNF8,GO:0006508,proteolysis
RNPEP,GO:0006508,proteolysis
RPGR,GO:0006508,proteolysis
RPS27A,GO:0006508,proteolysis
RPS6KB1,GO:0006508,proteolysis
RRAGC,GO:0006508,proteolysis
RXRA,GO:0006508,proteolysis
SAYSD1,GO:0006508,proteolysis
SCG5,GO:0006508,proteolysis
SDE2,GO:0006508,proteolysis
SDF2L1,GO:0006508,proteolysis
SEC11A,GO:0006508,proteolysis
SEC11C,GO:0006508,proteolysis
SEC61B,GO:0006508,proteolysis
SEL1L,GO:0006508,proteolysis
SEL1L2,GO:0006508,proteolysis
SELENOS,GO:0006508,proteolysis
SETD2,GO:0006508,proteolysis
SGTA,GO:0006508,proteolysis
SH3BGRL,GO:0006508,proteolysis
SHARPIN,GO:0006508,proteolysis
SHH,GO:0006508,proteolysis
SIAH1A,GO:0006508,proteolysis
SIAH1B,GO:0006508,proteolysis
SIAH2,GO:0006508,proteolysis
SIAH3,GO:0006508,proteolysis
SIK2,GO:0006508,proteolysis
SIRT1,GO:0006508,proteolysis
SIRT2,GO:0006508,proteolysis
SKP1,GO:0006508,proteolysis
SKP2,GO:0006508,proteolysis
SLC30A5,GO:0006508,proteolysis
SLC30A8,GO:0006508,proteolysis
SLC39A13,GO:0006508,proteolysis
SMAD3,GO:0006508,proteolysis
SMAD6,GO:0006508,proteolysis
SMURF1,GO:0006508,proteolysis
SMURF2,GO:0006508,proteolysis
SOCS2,GO:0006508,proteolysis
SOCS6,GO:0006508,proteolysis
SOCS7,GO:0006508,proteolysis
SPCS1,GO:0006508,proteolysis
SPCS2,GO:0006508,proteolysis
SPCS3,GO:0006508,proteolysis
SPG7,GO:0006508,proteolysis
SPOP,GO:0006508,proteolysis
SPOPFM2,GO:0006508,proteolysis
SPOPFM3,GO:0006508,proteolysis
SPOPL,GO:0006508,proteolysis
SPPL2A,GO:0006508,proteolysis
SPPL2B,GO:0006508,proteolysis
SPPL2C,GO:0006508,proteolysis
SPPL3,GO:0006508,proteolysis
SPRTN,GO:0006508,proteolysis
SPSB1,GO:0006508,proteolysis
SPSB2,GO:0006508,proteolysis
SPSB3,GO:0006508,proteolysis
SPSB4,GO:0006508,proteolysis
SQSTM1,GO:0006508,proteolysis
SRC,GO:0006508,proteolysis
SRGN,GO:0006508,proteolysis
SRMS,GO:0006508,proteolysis
ST14,GO:0006508,proteolysis
STOML2,GO:0006508,proteolysis
STT3B,GO:0006508,proteolysis
STUB1,GO:0006508,proteolysis
SYVN1,GO:0006508,proteolysis
TBL1X,GO:0006508,proteolysis
TBL1XR1,GO:0006508,proteolysis
TBX21,GO:0006508,proteolysis
TDPOZ1,GO:0006508,proteolysis
TDPOZ2,GO:0006508,proteolysis
TDPOZ3,GO:0006508,proteolysis
TDPOZ4,GO:0006508,proteolysis
TDPOZ5,GO:0006508,proteolysis
TDPOZ8,GO:0006508,proteolysis
TGFB1,GO:0006508,proteolysis
TLL1,GO:0006508,proteolysis
TLL2,GO:0006508,proteolysis
TM2D3,GO:0006508,proteolysis
TMEM126A,GO:0006508,proteolysis
TMEM129,GO:0006508,proteolysis
TMEM208,GO:0006508,proteolysis
TMEM67,GO:0006508,proteolysis
TMPRSS11A,GO:0006508,proteolysis
TMPRSS11B,GO:0006508,proteolysis
TMPRSS11C,GO:0006508,proteolysis
TMPRSS11D,GO:0006508,proteolysis
TMPRSS11E,GO:0006508,proteolysis
TMPRSS11F,GO:0006508,proteolysis
TMPRSS11G,GO:0006508,proteolysis
TMPRSS12,GO:0006508,proteolysis
TMPRSS13,GO:0006508,proteolysis
TMPRSS15,GO:0006508,proteolysis
TMPRSS2,GO:0006508,proteolysis
TMPRSS3,GO:0006508,proteolysis
TMPRSS4,GO:0006508,proteolysis
TMPRSS5,GO:0006508,proteolysis
TMPRSS6,GO:0006508,proteolysis
TMPRSS7,GO:0006508,proteolysis
TMPRSS9,GO:0006508,proteolysis
TMUB1,GO:0006508,proteolysis
TMUB2,GO:0006508,proteolysis
TNFAIP1,GO:0006508,proteolysis
TOLLIP,GO:0006508,proteolysis
TOPORS,GO:0006508,proteolysis
TOR1A,GO:0006508,proteolysis
TP53INP2,GO:0006508,proteolysis
TRAF4,GO:0006508,proteolysis
TRIM13,GO:0006508,proteolysis
TRIM2,GO:0006508,proteolysis
TRIM21,GO:0006508,proteolysis
TRIM25,GO:0006508,proteolysis
TRIM26,GO:0006508,proteolysis
TRIM28,GO:0006508,proteolysis
TRIM3,GO:0006508,proteolysis
TRIM30B,GO:0006508,proteolysis
TRIM31,GO:0006508,proteolysis
TRIM32,GO:0006508,proteolysis
TRIM36,GO:0006508,proteolysis
TRIM38,GO:0006508,proteolysis
TRIM45,GO:0006508,proteolysis
TRIM58,GO:0006508,proteolysis
TRIM63,GO:0006508,proteolysis
TRIM71,GO:0006508,proteolysis
TRIM72,GO:0006508,proteolysis
TRIM9,GO:0006508,proteolysis
TRIP12,GO:0006508,proteolysis
TRIP4,GO:0006508,proteolysis
TRPC4AP,GO:0006508,proteolysis
TSG101,GO:0006508,proteolysis
TTC3,GO:0006508,proteolysis
TYSND1,GO:0006508,proteolysis
UBA1,GO:0006508,proteolysis
UBA1Y,GO:0006508,proteolysis
UBA52,GO:0006508,proteolysis
UBA6,GO:0006508,proteolysis
UBA7,GO:0006508,proteolysis
UBAP1,GO:0006508,proteolysis
UBAP1L,GO:0006508,proteolysis
UBB,GO:0006508,proteolysis
UBC,GO:0006508,proteolysis
UBD,GO:0006508,proteolysis
UBE2A,GO:0006508,proteolysis
UBE2B,GO:0006508,proteolysis
UBE2C,GO:0006508,proteolysis
UBE2D1,GO:0006508,proteolysis
UBE2D2,GO:0006508,proteolysis
UBE2D2B,GO:0006508,proteolysis
UBE2D3,GO:0006508,proteolysis
UBE2DNL1,GO:0006508,proteolysis
UBE2DNL2,GO:0006508,proteolysis
UBE2F,GO:0006508,proteolysis
UBE2G1,GO:0006508,proteolysis
UBE2G2,GO:0006508,proteolysis
UBE2H,GO:0006508,proteolysis
UBE2I,GO:0006508,proteolysis
UBE2J1,GO:0006508,proteolysis
UBE2J2,GO:0006508,proteolysis
UBE2L3,GO:0006508,proteolysis
UBE2L6,GO:0006508,proteolysis
UBE2N,GO:0006508,proteolysis
UBE2R2,GO:0006508,proteolysis
UBE2S,GO:0006508,proteolysis
UBE2SRT,GO:0006508,proteolysis
UBE2U,GO:0006508,proteolysis
UBE2W,GO:0006508,proteolysis
UBE2Z,GO:0006508,proteolysis
UBE3A,GO:0006508,proteolysis
UBE3B,GO:0006508,proteolysis
UBE3C,GO:0006508,proteolysis
UBE3D,GO:0006508,proteolysis
UBE4A,GO:0006508,proteolysis
UBE4B,GO:0006508,proteolysis
UBL4A,GO:0006508,proteolysis
UBL7,GO:0006508,proteolysis
UBQLN1,GO:0006508,proteolysis
UBQLN2,GO:0006508,proteolysis
UBQLN3,GO:0006508,proteolysis
UBQLN4,GO:0006508,proteolysis
UBQLN5,GO:0006508,proteolysis
UBQLNL,GO:0006508,proteolysis
UBR1,GO:0006508,proteolysis
UBR2,GO:0006508,proteolysis
UBR3,GO:0006508,proteolysis
UBR4,GO:0006508,proteolysis
UBR5,GO:0006508,proteolysis
UBXN10,GO:0006508,proteolysis
UBXN11,GO:0006508,proteolysis
UBXN2A,GO:0006508,proteolysis
UBXN2B,GO:0006508,proteolysis
UBXN4,GO:0006508,proteolysis
UBXN6,GO:0006508,proteolysis
UBXN7,GO:0006508,proteolysis
UBXN8,GO:0006508,proteolysis
UCHL1,GO:0006508,proteolysis
UCHL3,GO:0006508,proteolysis
UCHL4,GO:0006508,proteolysis
UCHL5,GO:0006508,proteolysis
UFD1,GO:0006508,proteolysis
UFL1,GO:0006508,proteolysis
UHRF1,GO:0006508,proteolysis
ULK1,GO:0006508,proteolysis
UMOD,GO:0006508,proteolysis
USP10,GO:0006508,proteolysis
USP14,GO:0006508,proteolysis
USP17LE,GO:0006508,proteolysis
USP19,GO:0006508,proteolysis
USP22,GO:0006508,proteolysis
USP25,GO:0006508,proteolysis
USP28,GO:0006508,proteolysis
USP38,GO:0006508,proteolysis
USP44,GO:0006508,proteolysis
VCP,GO:0006508,proteolysis
VCP-NPL4-UFD1_MOUSE,GO:0006508,proteolysis
VHL,GO:0006508,proteolysis
VPS28,GO:0006508,proteolysis
VPS35,GO:0006508,proteolysis
VPS37A,GO:0006508,proteolysis
VPS37B,GO:0006508,proteolysis
VPS37C,GO:0006508,proteolysis
VPS37D,GO:0006508,proteolysis
VPS4A,GO:0006508,proteolysis
VPS4B,GO:0006508,proteolysis
VSIR,GO:0006508,proteolysis
WDR26,GO:0006508,proteolysis
WDR72,GO:0006508,proteolysis
WDR77,GO:0006508,proteolysis
WDR81,GO:0006508,proteolysis
WFS1,GO:0006508,proteolysis
WWP1,GO:0006508,proteolysis
WWP2,GO:0006508,proteolysis
WWTR1,GO:0006508,proteolysis
XAF1,GO:0006508,proteolysis
XBP1,GO:0006508,proteolysis
XPNPEP3,GO:0006508,proteolysis
YIPF5,GO:0006508,proteolysis
YME1L1,GO:0006508,proteolysis
YOD1,GO:0006508,proteolysis
YWHAG,GO:0006508,proteolysis
ZDHHC9,GO:0006508,proteolysis
ZER1,GO:0006508,proteolysis
ZFAND2A,GO:0006508,proteolysis
ZFAND2B,GO:0006508,proteolysis
ZMPSTE24,GO:0006508,proteolysis
ZNF574,GO:0006508,proteolysis
ZNF598,GO:0006508,proteolysis
ZNRF1,GO:0006508,proteolysis
ZNRF2,GO:0006508,proteolysis
ZNRF3,GO:0006508,proteolysis
ZNRF4,GO:0006508,proteolysis
ZSWIM8,GO:0006508,proteolysis
ZYG11B,GO:0006508,proteolysis
